<?xml version="1.0" encoding="UTF-8"?>
<beans xmlns="http://www.springframework.org/schema/beans"
   xmlns:xsi="http://www.w3.org/2001/XMLSchema-instance" xmlns:p="http://www.springframework.org/schema/p" xsi:schemaLocation="http://www.springframework.org/schema/beans http://www.springframework.org/schema/beans/spring-beans-3.0.xsd">
  <bean id="dataSource" class="org.springframework.jdbc.datasource.DriverManagerDataSource">
   <property name="driverClassName" value="com.mysql.cj.jdbc.Driver"></property>
   <property name="url" value="jdbc:mysql://localhost:3306/SpringHibernate"></property>
   <property name="username" value="root"></property>
   <property name="password" value="aasole870"></property>
</bean>

<bean id="mySessionFactory" class="org.springframework.orm.hibernate5.LocalSessionFactoryBean">
  <property name="dataSource" ref="dataSource"></property>
  <property name="mappingResources">
   <list>
    <value>User.hbm.xml</value>
   </list>
  </property>
 <property name="hibernateProperties">
   <props>
     <prop key="hibernate.dialect">org.hibernate.dialect.MySQL8Dialect</prop>
   <prop key="hibernate.hbm2ddl.auto">update</prop>
   <prop key="hibernate.show_sql">false</prop>
   </props>
 </property>
</bean> 

<bean id="template" class="org.springframework.orm.hibernate5.HibernateTransactionManager">
<property name="sessionFactory" ref="mySessionFactory"></property>
</bean>
<bean id="udao" class="com.yash.com.UserDAO">
  <property name="ht" ref="template"></property>
</bean>

</beans>